"#",1,"Michael"
"#",2,"John"
"#",3,"James"
"#",4,"Judy"
"#",5,"Aimee"
"#",6,"Lorraine"
"#",7,"Cian"
"#",8,"Paul"
"#",9,"Ada"
"#",10,"Ada Francis"
"#",11,"Aimee Nia"
"#",12,"Alan"
"#",13,"Alan John"
"#",14,"Albert"
"#",15,"Alexandra"
"#",16,"Alexandria Zoe"
"#",17,"Alice"
"#",18,"Alice Jane"
"#",19,"Alison"
"#",20,"Amanda"
"#",21,"Amy"
"#",22,"Amy Caroline"
"#",23,"Amy Elizabeth"
"#",24,"Amy Jessica"
"#",25,"Andrea"
"#",26,"Andrew"
"#",27,"Angie"
"#",28,"Ann"
"#",29,"Anna Louise"
"#",30,"Anne"
"#",31,"Annie Matilda"
"#",32,"Anor"
"#",33,"Arthur"
"#",34,"Arthur George"
"#",35,"Arthur John"
"#",36,"Arthur Joseph"
"#",37,"Barry"
"#",38,"Beatrice Martha"
"#",39,"Benjamin"
"#",40,"Bertie"
"#",41,"Bo"
"#",42,"Brenda"
"#",43,"Brian"
"#",44,"Bridget"
"#",45,"Bryan"
"#",46,"Carol"
"#",47,"Caroline"
"#",48,"Catherine"
"#",49,"Cathy"
"#",50,"Charles"
"#",51,"Charles Fredrick"
"#",52,"Charles Henry"
"#",53,"Charley"
"#",54,"Charlie"
"#",55,"Charlotte"
"#",56,"Chris"
"#",57,"Christial Rosan"
"#",58,"Christiana Bessie"
"#",59,"Christine"
"#",60,"Christopher"
"#",61,"Chuck"
"#",62,"Cian James"
"#",63,"Claire"
"#",64,"Clara"
"#",65,"Clara Alice"
"#",66,"Cynthia"
"#",67,"Danny"
"#",68,"David"
"#",69,"Deborah"
"#",70,"Denys"
"#",71,"Derrick"
"#",72,"Diana"
"#",73,"Dolly"
"#",74,"Donald"
"#",75,"Doris"
"#",76,"Dorothea"
"#",77,"Dorothy Jillian"
"#",78,"Edith"
"#",79,"Edith Mary"
"#",80,"Edith May"
"#",81,"Elijah Edward"
"#",82,"Elizabeth"
"#",83,"Elizabeth Ann"
"#",84,"Elizabeth Maud"
"#",85,"Elizabeth Sarah"
"#",86,"Ellen"
"#",87,"Ellen Julia"
"#",88,"Ellen May"
"#",89,"Elon"
"#",90,"Emily"
"#",91,"Emily Charlotte"
"#",92,"Emily Maud"
"#",93,"Emily Susan Eleanor"
"#",94,"Emma"
"#",95,"Enid Patricia"
"#",96,"Eric Francis"
"#",97,"Eric Melville"
"#",98,"Ernest"
"#",99,"Essie"
"#",100,"Esther"
"#",101,"Ethel"
"#",102,"Eunice"
"#",103,"Eustace"
"#",104,"Eva"
"#",105,"Eva Margaretta"
"#",106,"Eva Mildred"
"#",107,"Faber Jnr"
"#",108,"Faber Snr"
"#",109,"Fanny Elizabeth"
"#",110,"Florence Annie"
"#",111,"Florence"
"#",112,"Frank"
"#",113,"Frank Henry"
"#",114,"Frederick"
"#",115,"Fredrick"
"#",116,"Freya"
"#",117,"Gary"
"#",118,"Gemini"
"#",119,"Geofrey"
"#",120,"George"
"#",121,"George William"
"#",122,"Gillian"
"#",123,"Gorden"
"#",124,"Gordon Frank"
"#",125,"Grace Miriam"
"#",126,"Hannah"
"#",127,"Harold"
"#",128,"Harriett"
"#",129,"Harry"
"#",130,"Henrik"
"#",131,"Henry"
"#",132,"Henry Charles"
"#",133,"Henry Herbert"
"#",134,"Herbert"
"#",135,"Herbert James"
"#",136,"Ian"
"#",137,"Ian Andrew"
"#",138,"Iris"
"#",139,"Isabella"
"#",140,"Israel James"
"#",141,"Ivy"
"#",142,"Jack"
"#",143,"Jackie"
"#",144,"Jacquie"
"#",145,"James John"
"#",146,"Jane"
"#",147,"Jane Elizabeth"
"#",148,"Jane Harriet"
"#",149,"Janet"
"#",150,"Janice"
"#",151,"Jaqueline"
"#",152,"Jay Louise"
"#",153,"Jean Mary"
"#",154,"Jeff"
"#",155,"Jennifer"
"#",156,"Jeremiah"
"#",157,"Jessie"
"#",158,"Jimmy"
"#",159,"Joan"
"#",160,"Joan Mary"
"#",161,"Joanna"
"#",162,"Joanna Catherine"
"#",163,"Johanna"
"#",164,"John Joshua"
"#",165,"John Philip"
"#",166,"John Stanley"
"#",167,"Joseph"
"#",168,"Joshua"
"#",169,"Joyce"
"#",170,"Julia"
"#",171,"Julian"
"#",172,"Karen"
"#",173,"Kathleen Margaret"
"#",174,"Kathleen May"
"#",175,"Kathryn"
"#",176,"Kathy"
"#",177,"Keith"
"#",178,"Ken"
"#",179,"Kenny"
"#",180,"Kevin"
"#",181,"Kim"
"#",182,"Kimberley"
"#",183,"Laura"
"#",184,"Laurence"
"#",185,"Leslie Sydney"
"#",186,"Lionel Alexander"
"#",187,"Lisa"
"#",188,"Louisa Mary"
"#",189,"Louisa Victoria"
"#",190,"Louise"
"#",191,"Ludvig"
"#",192,"Margaret"
"#",193,"Margaret Ann"
"#",194,"Margaret Anne"
"#",195,"Maria"
"#",196,"Marian"
"#",197,"Marjorie"
"#",198,"Mark"
"#",199,"Martin"
"#",200,"Mary"
"#",201,"Mary Ann"
"#",202,"Mary Downing"
"#",203,"Mary Elizabeth"
"#",204,"Mathew"
"#",205,"Matilda"
"#",206,"Maud"
"#",207,"Maureen"
"#",208,"May"
"#",209,"Michelle"
"#",210,"Mick"
"#",211,"Mildred"
"#",212,"Nalda Murial"
"#",213,"Nance"
"#",214,"Natalie"
"#",215,"Nicholas"
"#",216,"Niel"
"#",217,"Niev"
"#",218,"Nigel"
"#",219,"Olive"
"#",220,"Olive Mary"
"#",221,"Pat"
"#",222,"Patrick"
"#",223,"Paul"
"#",224,"Pauline"
"#",225,"Pearly"
"#",226,"Penelope"
"#",227,"Peri"
"#",228,"Peter"
"#",229,"Peter Christopher"
"#",230,"Peter John"
"#",231,"Philip"
"#",232,"Philip Frederick"
"#",233,"Philip John"
"#",234,"Philippa Jane"
"#",235,"Phillip"
"#",236,"Phyllis"
"#",237,"Raymond"
"#",238,"Rebecca"
"#",239,"Rebecca Jane"
"#",240,"Richard"
"#",241,"Robert"
"#",242,"Robin Raymond"
"#",243,"Ronald James"
"#",244,"Rose"
"#",245,"Rosemary"
"#",246,"Ruby"
"#",247,"Sam"
"#",248,"Samantha"
"#",249,"Samantha Judith"
"#",250,"Sammy-Jo Louise"
"#",251,"Sarah"
"#",252,"Sarah Hannah"
"#",253,"Sheila"
"#",254,"Simon"
"#",255,"Sophia Hannah"
"#",256,"Stanley"
"#",257,"Stephen"
"#",258,"Steve"
"#",259,"Steven"
"#",260,"Stuart"
"#",261,"Susan"
"#",262,"Susan Emily"
"#",263,"Susannah"
"#",264,"Suzanne"
"#",265,"Sydney James"
"#",266,"Sylvia"
"#",267,"Tai"
"#",268,"Taya"
"#",269,"Ted"
"#",270,"Terry"
"#",271,"Tessa"
"#",272,"Theresa"
"#",273,"Thomas"
"#",274,"Timothy"
"#",275,"Tina"
"#",276,"Tommy"
"#",277,"Tony"
"#",278,"Tracey"
"#",279,"Tracie Michelle"
"#",280,"Trevor"
"#",281,"Ulric"
"#",282,"Vera"
"#",283,"Vick"
"#",284,"Victoria"
"#",285,"Viki"
"#",286,"Walter"
"#",287,"Walter Arthur"
"#",288,"Walter Edward"
"#",289,"Walter Henry"
"#",290,"Wendy"
"#",291,"William"
"#",292,"William Aslat"
"#",293,"William Henry"
"#",294,"William James"
"#",295,"William Maddock"
"#",296,"William Thomas"
"#",297,"Willie"
"#",298,"Woolaston"
"#",299,"Lou"
"#",300,"Lynn"
"#",301,"Mario"
"#",302,"Martyn"
"#",303,"Matthew"
"#",304,"Michaela"
"#",305,"Mike"
"#",306,"Nick"
"#",307,"Oli"
"#",308,"Phai"
"#",309,"Phil"
"#",310,"Poppy"
"#",311,"Rhianna"
"#",312,"Ricky"
"#",313,"Robin"
"#",314,"Ross"
